Qty (1 board),Qty (10 boards),References,Value,Footprint,Manufacturer part number,Notes
1,10,C1,1uF 50V,Capacitor_SMD:C_0805_2012Metric,,LM74700 charge-pump reservoir
12,120,C10 C16 C20 C21 C24 C25 C26 C28 C29 C30 C31 C32,100nF 16V,Capacitor_SMD:C_0805_2012Metric,,
2,20,C14 C15,22uF 6.3V,Capacitor_SMD:C_1206_3216Metric,,
3,30,C17 C19 C22,10uF 16V,Capacitor_SMD:C_1206_3216Metric,,
1,10,C18,1uF 16V,Capacitor_SMD:C_0805_2012Metric,,EN reset delay
1,10,C2,100uF 100V,Capacitor_SMD:CP_Elec_10x10.5,Nichicon UCD2A101MNL1GS,Bulk hold-up
1,10,C23,10uF 6.3V,Capacitor_SMD:C_1206_3216Metric,,
1,10,C27,4.7nF 50V,Capacitor_SMD:C_0805_2012Metric,,Split-termination common-mode stabiliser
1,10,C3,10uF 100V,Capacitor_SMD:C_1206_3216Metric,,Switcher input bypass
1,10,C4,100nF 100V,Capacitor_SMD:C_0805_2012Metric,,HF bypass
2,20,C11 C5,2.2nF 50V,Capacitor_SMD:C_0805_2012Metric,,Bootstrap: datasheet mandates exactly 2.2nF X7R -- a larger value overstresses the internal VCC regulator and damages the device
2,20,C12 C6,3.3nF 50V,Capacitor_SMD:C_0805_2012Metric,,Ramp capacitor CA
2,20,C13 C7,270pF 50V,Capacitor_SMD:C_0805_2012Metric,,Ramp coupling capacitor CB
2,20,C8 C9,22uF 16V,Capacitor_SMD:C_1206_3216Metric,,
1,10,D1,SMCJ33A,Diode_SMD:D_SMC,Littelfuse SMCJ33A,33V standoff / 53.3V clamp @ 1500W: absorbs ISO 7637-2 pulse 5b load dump
5,50,D10 D11 D12 D13 D14,BAT54S,Package_TO_SOT_SMD:SOT-23,BAT54S,Ch1 rail clamp (both polarities)
1,10,D2,3.6V 300mW,Diode_SMD:D_SOD-323,onsemi MM3Z3V6T1G,Rail clamp: an analog input shorted to battery back-feeds ~1.6mA through its BAT54S into +3V3; with the MCU asleep the rail would otherwise float above the ESP32's 3.6V absolute maximum
1,10,D3,SMAJ5.0A,Diode_SMD:D_SMA,Littelfuse SMAJ5.0A,Clamps harness-injected transients on the sensor 5V
1,10,D4,green,LED_SMD:LED_0805_2012Metric,,Power indicator
1,10,D5,40V 1A,Diode_SMD:D_SOD-123,PMEG4010,"OR-ing: bench USB can power the board, but the 5V buck (5.00V) reverse-biases it whenever the car is connected"
1,10,D6,amber,LED_SMD:LED_0805_2012Metric,,
1,10,D7,blue,LED_SMD:LED_0805_2012Metric,,
2,20,D8 D9,SMAJ26CA,Diode_SMD:D_SMA,Littelfuse SMAJ26CA,Bidirectional bus clamp
1,10,F1,2A slow,Fuse:Fuse_1206_3216Metric,Littelfuse 0466002.NR,"Sacrificial: only opens on a hard fault, not on reverse polarity"
1,10,FB1,600R @ 100MHz 3A,Inductor_SMD:L_1206_3216Metric,Wurth 742792625,Conducted-emissions bead
1,10,FB2,600R @ 100MHz 2A,Inductor_SMD:L_0805_2012Metric,Wurth 742792022,
4,40,H1 H2 H3 H4,M3,MountingHole:MountingHole_3.2mm_M3,,
1,10,J1,PWR + CAN harness,Connector_JST:JST_PH_B4B-PH-K_1x04_P2.00mm_Vertical,JST B4B-PH-K,"Pin 1 +12V, 2 GND, 3 CAN_H, 4 CAN_L (Autosport Labs harness order)"
1,10,J2,USB-C,Connector_USB:USB_C_Receptacle_HRO_TYPE-C-31-M-12,,Programming / CDC console only -- not a power path in the car
1,10,J3,UART0,Connector_PinHeader_2.54mm:PinHeader_1x04_P2.54mm_Vertical,,
1,10,J4,I2C / Qwiic,Connector_PinHeader_2.54mm:PinHeader_1x04_P2.54mm_Vertical,,
1,10,J5,Spare IO,Connector_PinHeader_2.54mm:PinHeader_1x08_P2.54mm_Vertical,,IO3/IO45/IO46 are strapping pins -- leave floating at boot
1,10,J6,Rail break-out,Connector_PinHeader_2.54mm:PinHeader_1x04_P2.54mm_Vertical,,
1,10,J7,microSD push-pull,Connector_Card:microSD_HC_Hirose_DM3D-SF,Hirose DM3D-SF,Push-pull socket; DET is the card-present switch
1,10,J8,Sensor harness,Connector_JST:JST_PH_B8B-PH-K_1x08_P2.00mm_Vertical,JST B8B-PH-K,Two 5V and two ground pins so sensors can be paired up
1,10,JP1,TERM (default ON),Jumper:SolderJumper-2_P1.3mm_Bridged_Pad1.0x1.5mm,,Cut the trace to remove the 120 ohm termination on a mid-bus node
1,10,JP10,RANGE3,Jumper:SolderJumper-3_P1.3mm_Open_Pad1.0x1.5mm,,"C-A = 0-5V range, C-B = 0-16V range, both open = no divider"
1,10,JP11,PULLUP4,Jumper:SolderJumper-2_P1.3mm_Open_Pad1.0x1.5mm,,Close for 2-wire NTC / open-collector sensors
1,10,JP12,BYPASS4,Jumper:SolderJumper-2_P1.3mm_Open_Pad1.0x1.5mm,,Close for a raw 0-3.3V sensor (shorts the upper leg)
1,10,JP13,RANGE4,Jumper:SolderJumper-3_P1.3mm_Open_Pad1.0x1.5mm,,"C-A = 0-5V range, C-B = 0-16V range, both open = no divider"
1,10,JP2,PULLUP1,Jumper:SolderJumper-2_P1.3mm_Open_Pad1.0x1.5mm,,Close for 2-wire NTC / open-collector sensors
1,10,JP3,BYPASS1,Jumper:SolderJumper-2_P1.3mm_Open_Pad1.0x1.5mm,,Close for a raw 0-3.3V sensor (shorts the upper leg)
1,10,JP4,RANGE1,Jumper:SolderJumper-3_P1.3mm_Open_Pad1.0x1.5mm,,"C-A = 0-5V range, C-B = 0-16V range, both open = no divider"
1,10,JP5,PULLUP2,Jumper:SolderJumper-2_P1.3mm_Open_Pad1.0x1.5mm,,Close for 2-wire NTC / open-collector sensors
1,10,JP6,BYPASS2,Jumper:SolderJumper-2_P1.3mm_Open_Pad1.0x1.5mm,,Close for a raw 0-3.3V sensor (shorts the upper leg)
1,10,JP7,RANGE2,Jumper:SolderJumper-3_P1.3mm_Open_Pad1.0x1.5mm,,"C-A = 0-5V range, C-B = 0-16V range, both open = no divider"
1,10,JP8,PULLUP3,Jumper:SolderJumper-2_P1.3mm_Open_Pad1.0x1.5mm,,Close for 2-wire NTC / open-collector sensors
1,10,JP9,BYPASS3,Jumper:SolderJumper-2_P1.3mm_Open_Pad1.0x1.5mm,,Close for a raw 0-3.3V sensor (shorts the upper leg)
1,10,L1,33uH 1.5A,Inductor_SMD:L_7.3x7.3_H4.5,Coilcraft XAL7030-333,"Shielded, Isat > 2A"
1,10,L2,22uH 1.5A,Inductor_SMD:L_7.3x7.3_H4.5,Coilcraft XAL7030-223,
1,10,L3,51uH CMC,Inductor_SMD:L_CommonMode_Wuerth_WE-SL2,Wurth 744232222,Common-mode choke on the bus side
1,10,PF1,0.2A hold / 0.4A trip,Resistor_SMD:R_1206_3216Metric,Bourns MF-MSMF020,"Resettable: a shorted sensor wire trips this, not the board"
1,10,PF2,0.5A hold,Resistor_SMD:R_1206_3216Metric,Bourns MF-MSMF050,
1,10,Q1,100V 4.3mOhm N-ch,Package_TO_SOT_SMD:TO-252-3_TabPin2,Nexperia PSMN4R3-100BSE,"Source to battery, drain to load: body diode blocks reverse polarity"
1,10,Q2,-20V 2.3A P-ch,Package_TO_SOT_SMD:SOT-23,DMG2301L,High-side switch so firmware can power-cycle a wedged card
1,10,Q3,60V 300mA N-ch,Package_TO_SOT_SMD:SOT-23,2N7002,Level shift for the P-ch gate
10,100,R1 R11 R14 R24 R26 R3 R5 R62 R8 R9,100k,Resistor_SMD:R_0805_2012Metric,,UVLO upper leg
1,10,R10,20.5k,Resistor_SMD:R_0805_2012Metric,,"RON = 3.3V x 2500 / 400kHz (Eq 12) -> 402kHz; tON = 154ns at the 53.3V clamp, above the 50ns minimum"
1,10,R12,57.6k,Resistor_SMD:R_0805_2012Metric,,FB lower
1,10,R13,95.3k,Resistor_SMD:R_0805_2012Metric,,Ripple-injection ramp resistor RA
7,70,R15 R22 R23 R42 R47 R52 R57,1k,Resistor_SMD:R_0805_2012Metric,,
9,90,R16 R17 R25 R39 R44 R49 R54 R59 R63,10k,Resistor_SMD:R_0805_2012Metric,,
2,20,R18 R19,5.1k,Resistor_SMD:R_0805_2012Metric,,
1,10,R2,25.5k,Resistor_SMD:R_0805_2012Metric,,UVLO lower leg -> board enables at ~5.9V
2,20,R20 R21,4.7k,Resistor_SMD:R_0805_2012Metric,,
6,60,R27 R28 R29 R30 R31 R32,33,Resistor_SMD:R_0805_2012Metric,,Series damping
6,60,R33 R34 R35 R36 R37 R38,47k,Resistor_SMD:R_0805_2012Metric,,Pulled to the switched rail so nothing back-feeds a powered-down card
2,20,R4 R6,31.6k,Resistor_SMD:R_0805_2012Metric,,"RON = 5.0V x 2500 / 400kHz (Eq 12) -> 396kHz; tON = 237ns at the 53.3V clamp, comfortably above the 50ns minimum"
2,20,R40 R41,60.4,Resistor_SMD:R_0805_2012Metric,,Split termination upper half
4,40,R43 R48 R53 R58,2.49k,Resistor_SMD:R_0805_2012Metric,,Ch1 bias resistor
4,40,R45 R50 R55 R60,15k,Resistor_SMD:R_0805_2012Metric,,0-5V range: 5.0V in -> 3.00V at the ADC
4,40,R46 R51 R56 R61,2.21k,Resistor_SMD:R_0805_2012Metric,,0-16V range: 16.0V in -> 2.89V at the ADC
1,10,R7,121k,Resistor_SMD:R_0805_2012Metric,,Ripple-injection ramp resistor RA
1,10,SW1,RESET,Button_Switch_SMD:SW_SPST_TL3342,,
1,10,SW2,BOOT,Button_Switch_SMD:SW_SPST_TL3342,,
1,10,U1,LM74700-Q1,Package_TO_SOT_SMD:SOT-23-6,LM74700QDBVRQ1,Ideal-diode controller; blocks reverse battery via Q1
1,10,U2,LM5164-Q1 (5V),Package_SO:SOIC-8-1EP_3.9x4.9mm_P1.27mm_EP2.95x4.9mm_Mask2.71x3.4mm_ThermalVias,LM5164QDDARQ1,"100V synchronous buck, ultra-low Iq"
1,10,U3,LM5164-Q1 (3V3),Package_SO:SOIC-8-1EP_3.9x4.9mm_P1.27mm_EP2.95x4.9mm_Mask2.71x3.4mm_ThermalVias,LM5164QDDARQ1,Second buck straight off the battery: a shorted 5V sensor harness cannot brown out the MCU
1,10,U4,ESP32-S3-WROOM-1-N16R8,RF_Module:ESP32-S3-WROOM-1,ESP32-S3-WROOM-1-N16R8,16MB flash / 8MB octal PSRAM. Pins 28-30 (IO35/36/37) are consumed by the octal PSRAM and must stay unconnected.
1,10,U5,USBLC6-2SC6,Package_TO_SOT_SMD:SOT-23-6,USBLC6-2SC6,USB ESD clamp
1,10,U6,TJA1051T/3,Package_SO:SOIC-8_3.9x4.9mm_P1.27mm,"TJA1051T/3,118","5V bus drive with a 3.3V VIO pin, so no level shifting to the ESP32"
